name,email,phone,website,company,city
Ana Silva,ana.silva@agencia.com.br,(11) 99999-0000,agencia.com.br,Agência Ponto,São Paulo
Bruno Costa,bruno@costalog.com.br,11 98888 7777,costalog.com.br,,Rio de Janeiro
Carla Mendes,carla@ateliecm.com,(11) 3333-4444,ateliecm.com,Ateliê CM,Belo Horizonte
Diego Souza,DIEGO@MercadoZ.com.br,+55 21 97777-6666,mercazbr.com.br,Mercado Z,São Paulo
João Silva,joao.silva@.com,(11) 91234-5678,exemplo.com,João Consulting,São Paulo
Sem Email,,11 91234-5678,sememail.com,Sem Email Ltda,Campinas
Ana Silva,ana.silva@agencia.com.br,(11) 99999-0000,agencia.com.br,Agência Ponto,São Paulo
Fernanda Lima,fernanda@studioflor.com,55 41 99999-0000,studioflor.com,Studio Flor,Curitiba
Gabriel Rocha,gabriel@techlab.io,1-770-736-8031 x41025,techlab.io,TechLab,San Francisco
Helena Duarte,helena@boutiquehd.com.br,21 99999-1111,boutiquehd.com,,Salvador
Bruno Costa,bruno@costalog.com.br,11 98888 7777,costalog.com.br,,Rio de Janeiro
Igor Martins,igor.martins@@mail.com,(31) 93333-2222,mail.com,Revenda Mineira,Belo Horizonte
Juliana Prado, juliana@pradofotos.com , (41) 93333-2222 ,pradofotos.com,Prado Fotos,Curitiba
Karla Nunes,karla@agencia.com.BR,41999993333,agencia.com.br,Agência Ponto,São Paulo
Pedro Valente,pedro(at)mailinator.com,(11) 95555-4444,mailinator.com,Consultoria PV,São Paulo
