name,email,phone,website,company,city,domain
Ana Silva,ana.silva@agencia.com.br,+5511999990000,https://agencia.com.br,Agência Ponto,São Paulo,agencia.com.br
Bruno Costa,bruno@costalog.com.br,+5511988887777,https://costalog.com.br,,Rio de Janeiro,costalog.com.br
Carla Mendes,carla@ateliecm.com,+551133334444,https://ateliecm.com,Ateliê CM,Belo Horizonte,ateliecm.com
Diego Souza,diego@mercadoz.com.br,+5521977776666,https://mercazbr.com.br,Mercado Z,São Paulo,mercadoz.com.br
Fernanda Lima,fernanda@studioflor.com,+5541999990000,https://studioflor.com,Studio Flor,Curitiba,studioflor.com
Gabriel Rocha,gabriel@techlab.io,1770736803141025,https://techlab.io,TechLab,San Francisco,techlab.io
Helena Duarte,helena@boutiquehd.com.br,+5521999991111,https://boutiquehd.com,,Salvador,boutiquehd.com.br
Juliana Prado,juliana@pradofotos.com,+5541933332222,https://pradofotos.com,Prado Fotos,Curitiba,pradofotos.com
Karla Nunes,karla@agencia.com.br,+5541999993333,https://agencia.com.br,Agência Ponto,São Paulo,agencia.com.br
